ITERATION, [OBJ_FUNC]STIFFNESSENERGY_OBJ_FUNC, [OBJ]OBJ_FUNC_DRESP:STIFFNESS_MEASURE, [OBJ]OBJ_FUNC_TERM:STIFFNESS_MEASURE, [CON]MASS_CONSTRAINT_1:LE:MASS_DRESP_1, [CON]STRESS_CONSTRAINT_FOS_2:LE:STRESS_DRESP_1, [VAR]STIFFNESS_MEASURE, [VAR]MASS_DRESP_1, [VAR]STRESS_DRESP_1, [VAR]AV_CONV_ALL_ELEMENTS, [VAR]AV_CHG_OBJF_ALL_ELEMENTS, [VAR]AV_CHG_DV_ALL_ELEMENTS, [VAR]AV_CONV_TRUE_ALL_ELEMENTS
Norm-Values:, 1.5656011e-2, 1.5656011e-2, 1.5656011e-2, 9.4434881e-1, 3.6765700e+7, 1.5656011e-2, 2.0985529, 1.0405524e+7, 0.0000000, 1.0000000e-3, 4.9999999e-3, 9.9000001e-1
0, 1.5656011e-2, 1.5656011e-2, 1.5656011e-2, 9.4435388e-1, 1.0405524e+7, 1.5656011e-2, 9.4435388e-1, 1.0405524e+7, 0.0000000, 0.0000000, 0.0000000, 9.9000001e-1
1, 1.4793057e-2, 1.4793057e-2, 1.4793057e-2, 9.3880200e-1, 8.2452865e+6, 1.4793057e-2, 9.3880200e-1, 8.2452865e+6, 0.0000000, 5.8335081e-2, 1.2853439e-2, 9.9000001e-1
2, 1.3846627e-2, 1.3846627e-2, 1.3846627e-2, 9.3906623e-1, 6.2448775e+6, 1.3846627e-2, 9.3906623e-1, 6.2448775e+6, 0.0000000, 6.8350911e-2, 1.2093301e-2, 9.9000001e-1
3, 1.2948000e-2, 1.2948000e-2, 1.2948000e-2, 9.3873852e-1, 4.5358515e+6, 1.2948000e-2, 9.3873852e-1, 4.5358515e+6, 0.0000000, 6.9402806e-2, 1.3643759e-2, 9.9000001e-1
4, 1.2091059e-2, 1.2091059e-2, 1.2091059e-2, 9.3838137e-1, 3.3773008e+6, 1.2091059e-2, 9.3838137e-1, 3.3773008e+6, 0.0000000, 7.0873909e-2, 1.5455772e-2, 9.9000001e-1
5, 1.1278351e-2, 1.1278351e-2, 1.1278351e-2, 9.3796307e-1, 2.9351033e+6, 1.1278351e-2, 9.3796307e-1, 2.9351033e+6, 0.0000000, 7.2059155e-2, 1.7613806e-2, 9.9000001e-1
6, 1.0496603e-2, 1.0496603e-2, 1.0496603e-2, 9.3736506e-1, 2.7755768e+6, 1.0496603e-2, 9.3736506e-1, 2.7755768e+6, 0.0000000, 7.4476235e-2, 2.0396778e-2, 9.9000001e-1
7, 9.7417776e-3, 9.7417776e-3, 9.7417776e-3, 9.3695581e-1, 3.0829770e+6, 9.7417776e-3, 9.3695581e-1, 3.0829770e+6, 0.0000000, 7.7483371e-2, 2.3369936e-2, 9.9000001e-1
8, 9.0401461e-3, 9.0401461e-3, 9.0401461e-3, 9.3644351e-1, 3.3408573e+6, 9.0401461e-3, 9.3644351e-1, 3.3408573e+6, 0.0000000, 7.7612840e-2, 2.6471725e-2, 9.9000001e-1
9, 8.4267817e-3, 8.4267817e-3, 8.4267817e-3, 9.3586016e-1, 3.4229223e+6, 8.4267817e-3, 9.3586016e-1, 3.4229223e+6, 0.0000000, 7.2787501e-2, 2.9906327e-2, 9.9000001e-1
10, 7.8536775e-3, 7.8536775e-3, 7.8536775e-3, 9.3459880e-1, 3.4692363e+6, 7.8536775e-3, 9.3459880e-1, 3.4692363e+6, 0.0000000, 7.2972722e-2, 3.3701226e-2, 9.9000001e-1
11, 7.2679846e-3, 7.2679846e-3, 7.2679846e-3, 9.3395221e-1, 3.4348578e+6, 7.2679846e-3, 9.3395221e-1, 3.4348578e+6, 0.0000000, 8.0585331e-2, 3.5820819e-2, 9.9000001e-1
12, 6.7443089e-3, 6.7443089e-3, 6.7443089e-3, 9.3552160e-1, 3.3390180e+6, 6.7443089e-3, 9.3552160e-1, 3.3390180e+6, 0.0000000, 7.7647053e-2, 3.2526702e-2, 9.9000001e-1
13, 6.3709617e-3, 6.3709617e-3, 6.3709617e-3, 9.3668228e-1, 3.2142980e+6, 6.3709617e-3, 9.3668228e-1, 3.2142980e+6, 0.0000000, 5.8601387e-2, 2.9128268e-2, 9.9000001e-1
14, 6.0293139e-3, 6.0293139e-3, 6.0293139e-3, 9.3687296e-1, 3.0463563e+6, 6.0293139e-3, 9.3687296e-1, 3.0463563e+6, 0.0000000, 5.6664452e-2, 2.7386069e-2, 9.9000001e-1
15, 5.7109636e-3, 5.7109636e-3, 5.7109636e-3, 9.3643266e-1, 2.8438918e+6, 5.7109636e-3, 9.3643266e-1, 2.8438918e+6, 0.0000000, 5.5743705e-2, 2.6948238e-2, 9.9000001e-1
16, 5.3830030e-3, 5.3830030e-3, 5.3830030e-3, 9.3634778e-1, 2.6159503e+6, 5.3830030e-3, 9.3634778e-1, 2.6159503e+6, 0.0000000, 6.0925208e-2, 2.7194699e-2, 9.9000001e-1
17, 5.0630434e-3, 5.0630434e-3, 5.0630434e-3, 9.3717235e-1, 2.3924278e+6, 5.0630434e-3, 9.3717235e-1, 2.3924278e+6, 0.0000000, 6.3195109e-2, 2.6888696e-2, 9.9000001e-1
18, 4.8400988e-3, 4.8400988e-3, 4.8400988e-3, 9.3794614e-1, 2.2240295e+6, 4.8400988e-3, 9.3794614e-1, 2.2240295e+6, 0.0000000, 4.6062004e-2, 2.5306160e-2, 9.9000001e-1
19, 4.6786801e-3, 4.6786801e-3, 4.6786801e-3, 9.3898147e-1, 2.1046190e+6, 4.6786801e-3, 9.3898147e-1, 2.1046190e+6, 0.0000000, 3.4500904e-2, 2.2648277e-2, 9.9000001e-1
20, 4.5704511e-3, 4.5704511e-3, 4.5704511e-3, 9.3980062e-1, 2.0221104e+6, 4.5704511e-3, 9.3980062e-1, 2.0221104e+6, 0.0000000, 2.3680156e-2, 2.0477910e-2, 9.9000001e-1
21, 4.4819978e-3, 4.4819978e-3, 4.4819978e-3, 9.4062233e-1, 1.9626494e+6, 4.4819978e-3, 9.4062233e-1, 1.9626494e+6, 0.0000000, 1.9735238e-2, 1.9168787e-2, 9.9000001e-1
22, 4.4076545e-3, 4.4076545e-3, 4.4076545e-3, 9.4123876e-1, 1.9180826e+6, 4.4076545e-3, 9.4123876e-1, 1.9180826e+6, 0.0000000, 1.6866859e-2, 1.7719377e-2, 9.9000001e-1
23, 4.3503284e-3, 4.3503284e-3, 4.3503284e-3, 9.4179946e-1, 1.8827133e+6, 4.3503284e-3, 9.4179946e-1, 1.8827133e+6, 0.0000000, 1.3177434e-2, 1.5748756e-2, 9.9000001e-1
24, 4.3154601e-3, 4.3154601e-3, 4.3154601e-3, 9.4218040e-1, 1.8539295e+6, 4.3154601e-3, 9.4218040e-1, 1.8539295e+6, 0.0000000, 8.0798455e-3, 1.3856596e-2, 9.9000001e-1
25, 4.2951861e-3, 4.2951861e-3, 4.2951861e-3, 9.4243759e-1, 1.8300019e+6, 4.2951861e-3, 9.4243759e-1, 1.8300019e+6, 0.0000000, 4.7201589e-3, 1.2699002e-2, 9.9000001e-1
26, 4.2781597e-3, 4.2781597e-3, 4.2781597e-3, 9.4252008e-1, 1.8090390e+6, 4.2781597e-3, 9.4252008e-1, 1.8090390e+6, 0.0000000, 3.9798515e-3, 1.1809705e-2, 9.9000001e-1
27, 4.2646253e-3, 4.2646253e-3, 4.2646253e-3, 9.4262153e-1, 1.7906454e+6, 4.2646253e-3, 9.4262153e-1, 1.7906454e+6, 0.0000000, 3.1736540e-3, 1.0952331e-2, 9.9000001e-1
28, 4.2555421e-3, 4.2555421e-3, 4.2555421e-3, 9.4255251e-1, 1.7748226e+6, 4.2555421e-3, 9.4255251e-1, 1.7748226e+6, 0.0000000, 2.1344377e-3, 1.0328418e-2, 9.9000001e-1
29, 4.2455243e-3, 4.2455243e-3, 4.2455243e-3, 9.4257700e-1, 1.7615151e+6, 4.2455243e-3, 9.4257700e-1, 1.7615151e+6, 0.0000000, 2.3596075e-3, 9.5144575e-3, 9.9000001e-1
30, 4.2399704e-3, 4.2399704e-3, 4.2399704e-3, 9.4265246e-1, 1.7492188e+6, 4.2399704e-3, 9.4265246e-1, 1.7492188e+6, 0.0000000, 1.3099011e-3, 9.0713436e-3, 9.9000001e-1
31, 4.2359671e-3, 4.2359671e-3, 4.2359671e-3, 9.4271666e-1, 1.7417136e+6, 4.2359671e-3, 9.4271666e-1, 1.7417136e+6, 0.0000000, 9.4507111e-4, 9.2960307e-3, 9.9000001e-1
32, 4.2287838e-3, 4.2287838e-3, 4.2287838e-3, 9.4292635e-1, 1.7338173e+6, 4.2287838e-3, 9.4292635e-1, 1.7338173e+6, 0.0000000, 1.6986659e-3, 1.0303407e-2, 9.9000001e-1
33, 4.2317361e-3, 4.2317361e-3, 4.2317361e-3, 9.4307327e-1, 1.7305103e+6, 4.2317361e-3, 9.4307327e-1, 1.7305103e+6, 0.0000000, 6.9765520e-4, 1.1109801e-2, 9.9000001e-1
34, 4.2256601e-3, 4.2256601e-3, 4.2256601e-3, 9.4315124e-1, 1.7257611e+6, 4.2256601e-3, 9.4315124e-1, 1.7257611e+6, 0.0000000, 1.4378696e-3, 1.0341892e-2, 9.9000001e-1
35, 4.2237677e-3, 4.2237677e-3, 4.2237677e-3, 9.4354850e-1, 1.7240234e+6, 4.2237677e-3, 9.4354850e-1, 1.7240234e+6, 0.0000000, 4.4804724e-4, 7.7730371e-3, 9.9000001e-1
36, 4.2217537e-3, 4.2217537e-3, 4.2217537e-3, 9.4379556e-1, 1.7222078e+6, 4.2217537e-3, 9.4379556e-1, 1.7222078e+6, 0.0000000, 4.7704941e-4, 5.2472386e-3, 9.9000001e-1
37, 4.2211828e-3, 4.2211828e-3, 4.2211828e-3, 9.4397229e-1, 1.7207783e+6, 4.2211828e-3, 9.4397229e-1, 1.7207783e+6, 1.0000000, 1.3524664e-4, 3.5665778e-3, 9.9000001e-1
